Status,Preferred_term,ORPHAcode,Definition,Date
Active,Long chain 3-hydroxyacyl-CoA dehydrogenase deficiency,5,"A mitochondrial disorder of long chain fatty acid oxidation characterized in most patients by onset in infancy/ early childhood of hypoketotic hypoglycemia, metabolic acidosis, liver disease, hypotonia and, frequently, cardiac involvement with arrhythmias and/or cardiomyopathy.",2025-06-24 08:04:43
Active,3-methylcrotonyl-CoA carboxylase deficiency,6,A rare inherited disorder of leucine metabolism characterized by a highly variable clinical picture ranging from metabolic crisis in infancy to asymptomatic adults.,2025-06-24 08:04:43
Active,3C syndrome,7,"Cranio-cerebello-cardiac (3C) syndrome is a rare multiple congenital anomalies syndrome characterized by craniofacial (prominent occiput and forehead, hypertelorism, ocular coloboma, cleft palate), cerebellar (Dandy-Walker malformation, cerebellar vermis hypoplasia) and cardiac (tetralogy of Fallot, atrial and ventricular septal defects) anomalies.",2025-06-24 08:04:43
Active,"47,XYY syndrome",8,"A rare sex chromosome aneuploidy where males receive an additional Y chromosome, that is characterized clinically by tall stature evident from childhood, macrocephaly, facial features (mild hypertelorism, low set ears, a mildly flat malar region), speech delay and an increased risk for social and emotional difficulties, attention deficit hyperactive disorder and autistic spectrum disorder.",2025-06-24 08:04:43
Active,Tetrasomy X syndrome,9,"Tetrasomy X is a sex chromosome anomaly caused by the presence of two extra X chromosomes in females (48,XXXX instead of 46,XX).",2025-06-24 08:04:43
Active,"48,XXYY syndrome",10,"A rare sex chromosome number anomaly disorder characterized, genetically, by the presence of an extra X and Y chromosome in males and, clinically, by tall stature, dysfunctional testes associated with infertility and insufficient testosterone production, cognitive, affective and social functioning impairments, global developmental delay, and an increased risk of congenital malformations.",2025-06-24 08:04:43
Active,Pentasomy X syndrome,11,"Pentasomy X is a sex chromosome anomaly caused by the presence of three extra X chromosomes in females (49,XXXXX instead of 46,XX).",2025-06-24 08:04:43
Active,6-pyruvoyl-tetrahydropterin synthase deficiency,13,"A rare form of hyperphenylalaninemia due to tetrahydropterin (BH4) biosynthesis deficiency, leading to central dopamine and serotonin deficiency, and characterized by infantile-onset neurological disease of variable severity ranging from mild forms with normal neurological development to severe forms with hypotonia, developmental delay, complex movement disorder dominated by dystonia or dystonia parkinsonism.",2025-06-24 08:04:43
Active,Abetalipoproteinemia,14,"A severe, familial hypobetalipoproteinemia characterized by permanently low levels (below the 5th percentile) of apolipoprotein B and LDL cholesterol, and by growth delay, malabsorption, hepatomegaly, and neurological and neuromuscular manifestations.",2025-06-24 08:04:43
Active,Achondroplasia,15,"A primary bone dysplasia with micromelia characterized by rhizomelia, exaggerated lumbar lordosis, brachydactyly, and macrocephaly with frontal bossing and midface hypoplasia.",2025-06-24 08:04:43
Active,Blue cone monochromatism,16,"Blue cone monochromatism (BCM) is a recessive X-linked disease characterized by severely impaired color discrimination, low visual acuity, nystagmus, and photophobia, due to dysfunction of the red (L) and green (M) cone photoreceptors. BCM is as an incomplete form of achromatopsia.",2025-06-24 08:04:43
Active,Fatal infantile lactic acidosis with methylmalonic aciduria,17,"Fatal infantile lactic acidosis with methylmalonic aciduria is a rare neurometabolic disease characterized by infantile onset of severe encephalomyopathy, lactic acidosis and elevated methylmalonic acid urinary excretion. Clinically it manifests with severe psychomotor delay, hypotonia, failure to thrive, feeding difficulties and dystonia. Epilepsy and multiple congenital anomalies may be associated.",2025-06-24 08:04:43
Active,Distal renal tubular acidosis,18,"A rare genetic or acquired renal tubular disease characterized by hyperchloremic metabolic acidosis. Primary distal renal tubular acidosis (dRTA) is often associated with hypokalemia, other forms with hypokalemia, hyperkalemia or normokalemia.",2025-06-24 08:04:43
Active,2-hydroxyglutaric aciduria,19,"2-Hydroxyglutaric aciduria is a group of neurometabolic disorders with a wide clinical spectrum ranging from severe neonatal presentations to progressive forms, and asymptomatic cases, characterized biochemically by increased levels of 2-hydroxyglutaric acid in the plasma, cerebrospinal fluid and urine.",2025-06-24 08:04:43
Active,3-hydroxy-3-methylglutaric aciduria,20,"A rare organic aciduria, due to deficiency of 3-hydroxy-3-methylglutaryl-CoA lyase characterized by episodes of metabolic decompensation with hypoketotic hypoglycemia triggered by periods of fasting or infections.",2025-06-24 08:04:43
Active,Succinic semialdehyde dehydrogenase deficiency,22,"A rare neurometabolic disorder of gamma-aminobutyric acid (GABA) metabolism with a nonspecific clinical presentation (ranging from mild to severe) with the most frequent symptoms being cognitive impairment with prominent deficit in expressive language, hypotonia, ataxia, epilepsy, and behavioral dysregulation.",2025-06-24 08:04:43
Active,Argininosuccinic aciduria,23,"A rare, genetic disorder of urea cycle metabolism typically characterized by either a severe, neonatal-onset form that manifests with hyperammonemia accompanied with vomiting, hypothermia, lethargy and poor feeding in the first few days of life, or late-onset forms that manifest with stress- or infection-induced episodic hyperammonemia or, in some, behavioral abnormalities and/or learning disabilities, or chronic liver disease. Patients often manifest liver dysfunction.",2025-06-24 08:04:43
Active,Fumaric aciduria,24,"Fumaric aciduria (FA), an autosomal recessive metabolic disorder, is most often characterized by early onset but non-specific clinical signs: hypotonia, severe psychomotor impairment, convulsions, respiratory distress, feeding difficulties and frequent cerebral malformations, along with a distinctive facies. Some patients present with only moderate intellectual impairment.",2025-06-24 08:04:43
Active,Glutaryl-CoA dehydrogenase deficiency,25,Glutaryl-CoA dehydrogenase (GCDH) deficiency (GDD) is an autosomal recessive neurometabolic disorder clinically characterized by encephalopathic crises resulting in striatal injury and a severe dystonic dyskinetic movement disorder.,2025-06-24 08:04:43
Active,Methylmalonic acidemia with homocystinuria,26,"A rare inborn error of vitamin B12 (cobalamin) metabolism characterized by megaloblastic anemia, lethargy, failure to thrive, developmental delay, intellectual deficit and seizures. There are four complementation classes of cobalamin defects (cblC, cblD, cblF and cblJ) that are responsible for methylmalonic acidemia - homocystinuria (methylmalonic acidemia - homocystinuria cblC, cblD cblF and cblJ).",2025-06-24 08:04:43
Active,Vitamin B12-unresponsive methylmalonic acidemia,27,"Vitamin B12-unresponsive methylmalonic acidemia is an inborn error of vitamin B12 (cobalamin) metabolism characterized by recurrent ketoacidotic crises or transient vomiting, dehydration, hypotonia and intellectual deficit, which does not respond to administration of vitamin B12. There are two types of vitamin B12-unresponsive methylmalonic acidemia: <i>mut0</i> and <i>mut-</i>.",2025-06-24 08:04:43
Active,Vitamin B12-responsive methylmalonic acidemia,28,"An inborn error of vitamin B12 (cobalamin) metabolism characterized by recurrent ketoacidotic comas or transient vomiting, dehydration, hypotonia and intellectual deficit, which responds to vitamin B12. There are three types: <i>cblA, cblB</i> and <i>cblD</i>-variant 2 (<i>cblD</i>v2).",2025-06-24 08:04:43
Active,Mevalonic aciduria,29,"A rare, severe form of mevalonate kinase deficiency (MKD) characterized by dysmorphic features, failure to thrive, psychomotor delay, ocular involvement, hypotonia, progressive ataxia, myopathy, and recurrent inflammatory episodes.",2025-06-24 08:04:43
Active,Hereditary orotic aciduria,30,"A rare genetic disorder of pyrimidine metabolism characterized by early onset of megaloblastic anemia, global developmental delay, and failure to thrive, associated with massive urinary overexcretion of orotic acid (sometimes with orotic acid crystalluria). Patients without megaloblastic anemia, but with additional manifestations such as epilepsy, have also been reported.",2025-06-24 08:04:43
Active,Oxoglutaric aciduria,31,"A rare, genetic, inborn error of metabolism disorder characterized by neonatal-onset of developmental delay, hypotonia, hepatomegaly, lactic acidemia, increased creatine kinase levels, elevated alpha-ketoglutaric acid in urine, and a decreased plasma beta-hydroxybutyrate-to-acetoacetate ratio. Pyruvate dehydrogenase deficiency can be associated, leading to hypoglycemia and neurologic anomalies, including seizures.",2025-06-24 08:04:43
Active,Glutathione synthetase deficiency,32,"A rare disorder characterised by hemolytic anemia, associated with metabolic acidosis and 5-oxoprolinuria in moderate forms, and with progressive neurological symptoms and recurrent bacterial infections in the most severe forms.",2025-06-24 08:04:43
Active,Isovaleric acidemia,33,"A rare, autosomal recessive, organic aciduria that is characterized by variable clinical presentation ranging from acute neonatal onset of metabolic decompensation to later onset of chronic, non-specific manifestations including failure to thrive and/or developmental delay. All patients are prone to intermittent, acute metabolic decompensation. During metabolic episodes, urine analysis demonstrates elevated isovaleric acid derivatives.",2025-06-24 08:04:43
Inactive: Deprecated,Pipecolic acidemia,34,None available,2025-06-24 08:04:43
Active,Propionic acidemia,35,"Propionic acidemia (PA) is an organic aciduria caused by the deficient activity of the propionyl Coenzyme A carboxylase and is characterized by life threatening episodes of metabolic decompensation, neurological dysfunction and that may be complicated by cardiomyopathy.",2025-06-24 08:04:43
Active,Acrocallosal syndrome,36,"A rare polymalformative syndrome characterized by agenesis of corpus callosum (CC), distal anomalies of limbs, minor craniofacial anomalies and intellectual disability.",2025-06-24 08:04:43
Active,Acrodermatitis enteropathica,37,"A rare inherited inborn error of metabolism resulting in a severe zinc deficiency and characterized by acral dermatitis, alopecia, diarrhea and growth failure.",2025-06-24 08:04:43
Active,Acrokeratoelastoidosis of Costa,38,"A rare punctate palmoplantar keratoderma characterized by multiple small, round to oval or rhomboid, yellowish, hyperkeratotic papules and plaques most commonly localized to the palms of the hands and soles of the feet, potentially extending to the dorsum of the hands and feet in severe cases. Histopathological analysis shows hyperkeratosis, epidermal hypertrophy, and fragmentation and rarefaction of elastic fibers. The condition can be sporadic or familial.",2025-06-24 08:04:43
Active,Acromelanosis,39,"A rare pigmentation anomaly of the skin characterized by otherwise asymptomatic hyperpigmentation of the skin over the dorsal side of fingers and toes which may rapidly spread towards proximal regions, like genitals, abdomen, and thighs. It is mostly seen in newborns or during the first years of life.",2025-06-24 08:04:43
Active,"Acromesomelic dysplasia, Maroteaux type",40,"A rare autosomal recessive acromesomelic dysplasia characterized by severe dwarfism (adult height <120 cm), both axial and appendicular involvement (shortening of the middle and distal segments of limbs and vertebral shortening), and with normal facial appearance and intelligence. It is a less severe form than acromesomelic dysplasia, Grebe type and acromesomelic dysplasia, Hunter-Thomson type .",2025-06-24 08:04:43
Active,Dyschromatosis symmetrica hereditaria,41,"A rare genodermatosis characterized by the presence of the mixture of hyperpigmented and hypopigmented macules of approximately 5mm in diameter, principally located on the extremities.",2025-06-24 08:04:43
Active,Medium chain acyl-CoA dehydrogenase deficiency,42,"Medium chain acyl-CoA dehydrogenase (MCAD) deficiency (MCADD) is an inborn error of mitochondrial fatty acid oxidation characterized by a rapidly progressive metabolic crisis, often presenting as hypoketotic hypoglycemia, lethargy, vomiting, seizures and coma, which can be fatal in the absence of emergency medical intervention.",2025-06-24 08:04:43
Active,X-linked adrenoleukodystrophy,43,"A rare progressive peroxisomal disorder characterized by endocrine dysfunction (adrenal failure and sometimes testicular insufficiency), progressive myelopathy, peripheral neuropathy and, variably, progressive leukodystrophy.",2025-06-24 08:04:43
Active,Neonatal adrenoleukodystrophy,44,"A variant of intermediate severity of the PBD-Zellweger syndrome spectrum (PBD-ZSS) characterized by hypotonia, leukodystrophy, and vision and sensorineural hearing deficiencies. Phenotypic overlap is seen between NALD and infantile Refsum disease (IRD).",2025-06-24 08:04:43
Active,Adenosine monophosphate deaminase deficiency,45,"A rare metabolic disorder for which two forms have been described. Lack of activity of the erythrocyte isoform of adenosine monophosphate (AMP) deaminase has been described in subjects with low plasma uric acid levels without obvious clinical relevance and will not be described further. Myoadenylate deaminase deficiency is an inherited disorder of muscular energy metabolism with a lack of AMP deaminase activity in skeletal muscle. It is characterised by exercise-induced muscle pain, cramps and/or early fatigue.",2025-06-24 08:04:43
Active,Adenylosuccinate lyase deficiency,46,"A disorder of purine metabolism characterized by intellectual disability, psychomotor delay and/or regression, seizures, and autistic features.",2025-06-24 08:04:43
Active,X-linked agammaglobulinemia,47,"A clinically variable form of isolated agammaglobulinemia, an inherited immunodeficiency disorder, characterized in affected males by recurrent bacterial infections during infancy.",2025-06-24 08:04:43
Active,Congenital bilateral absence of vas deferens,48,A rare non-syndromic urogenital tract malformation characterized by improper development of the vas deferens leading to male infertility.,2025-06-24 08:04:43
Active,Penile agenesis,49,"Penile agenesis is a rare urogenital tract malformation characterized by complete congenital absence of the phallus. It is usually accompanied by a well-developed scrotum and presence of a skin tag at the anal verge (with or without a urethral meatal opening within it). Often, other genitourinary (e.g. cryptorchidism, renal agenesis and dysplasia, urinary reflux, prostate agenesis) as well as non-genitourinary abnormalities (including skeletal and neural disorders, anal stenosis, imperforate anus, cardiac defects) are associated.",2025-06-24 08:04:43
Active,Aicardi syndrome,50,"A rare neurodevelopmental disorder characterized by the classic triad of agenesis of the corpus callosum (total or partial), central chorioretinal lacunae and infantile spasms that affects almost exclusively females.",2025-06-24 08:04:43
Active,Aicardi-Goutières syndrome,51,"A rare inherited subacute encephalopathy characterized by the variable association of basal ganglia calcification, leukodystrophy, cerebrospinal fluid (CSF) lymphocytosis and evidence of enhanced type I interferon signaling in blood and CSF.",2025-06-24 08:04:43
Active,Alagille syndrome,52,"A rare syndrome variably characterized by chronic cholestasis due to paucity of intrahepatic bile ducts, peripheral pulmonary artery stenosis, vertebrae segmentation anomalies, characteristic facies, posterior embryotoxon/anterior segment abnormalities, pigmentary retinopathy, and dysplastic kidneys.",2025-06-24 08:04:43
Active,Albers-Schönberg osteopetrosis,53,A sclerosing disorder of the skeleton characterized by increased bone density that classically displays the radiographic sign of ''sandwich vertebrae'' (dense bands of sclerosis parallel to the vertebral endplates).,2025-06-24 08:04:43
Active,X-linked recessive ocular albinism,54,"X-linked recessive ocular albinism (XLOA) is a rare disorder characterized by ocular hypopigmentation, foveal hypoplasia, nystagmus, photodysphoria, and reduced visual acuity in males.",2025-06-24 08:04:43
Active,Oculocutaneous albinism,55,"A group of rare genetic hypopigmentation disorders characterized by a generalized reduction in pigmentation of hair, skin and eyes and variable ocular findings including nystagmus, reduced visual acuity and photophobia. Variants include OCA1A (the most severe form), OCA1B, OCA1-minimal pigment (OCA1-MP), OCA1-temperature sensitive (OCA1-TS), OCA2, OCA3, OCA4, OCA5, OCA6, OCA7 and OCA8.",2025-06-24 08:04:43
Active,Alkaptonuria,56,"A rare disorder of phenylalanine and tyrosine metabolism characterized by the accumulation of homogentisic acid (HGA) and its oxidized product, benzoquinone acetic acid (BQA), in various tissues (e.g. cartilage, connective tissue) and body fluids (urine, sweat), causing urine to darken when exposed to air as well as grey-blue coloration of the sclera and ear helix (ochronosis), and a disabling joint disease involving both the axial and peripheral joints (ochronotic arthropathy).",2025-06-24 08:04:43
Active,Glycogen storage disease due to aldolase A deficiency,57,Glycogen storage disease due to aldolase A deficiency is an extremely rare glycogen storage disease characterized by hemolytic anemia with or without myopathy or intellectual deficit. Myopathy can be severe enough to result in fatal rhabdomyolysis in some patients. A family with episodic rhabdomyolysis (triggered by fever) without hemolytic anemia has recently been reported.,2025-06-24 08:04:43
Active,Alexander disease,58,"A rare neurodegenerative disorder of the astrocytes comprised of two clinical forms: Alexander disease (AxD) type I and type II manifesting with various degrees of macrocephaly, spasticity, ataxia and seizures and leading to psychomotor regression and death.",2025-06-24 08:04:43
Active,Allan-Herndon-Dudley syndrome,59,"A rare X-linked syndromic intellectual disability with neuromuscular involvement characterized by a varying degree of neurodevelopmental delay including hypotonia, hypokinesia, dystonia and spasticity, and a wide range of clinical sequelae secondary to chronic peripheral thyrotoxicosis.",2025-06-24 08:04:43
Active,Alpha-1-antitrypsin deficiency,60,"A rare hereditary, metabolic disease characterized by serum levels of alpha-1-antitrypsin (AAT) that are well below the normal range. In the most severe form, the disease can clinically manifest with chronic liver disorders (cirrhosis, fibrosis), respiratory disorders (emphysema, bronchiectasis), and rarely panniculitis or vasculitis.",2025-06-24 08:04:43
Active,Alpha-mannosidosis,61,"An inherited lysosomal storage disorder characterized by immune deficiency, facial and skeletal abnormalities, hearing impairment, and intellectual deficit.",2025-06-24 08:04:43
Active,Alpha-sarcoglycan-related limb-girdle muscular dystrophy R3,62,"A subtype of autosomal recessive limb-girdle muscular dystrophy characterized by childhood onset of progressive proximal weakness of the shoulder and pelvic girdle muscles, resulting in difficulty walking, scapular winging, calf hypertrophy and contractures of the Achilles tendon, which lead to a tiptoe gait pattern. Cardiac and respiratory involvement is rare.",2025-06-24 08:04:43
Active,Alport syndrome,63,"A rare renal disease characterized by glomerular nephropathy with hematuria progressing to end-stage renal disease (ESRD), frequently associated with sensorineural deafness, and occasionally with ocular anomalies.",2025-06-24 08:04:43
Active,Alström syndrome,64,"A rare multisystemic disorder characterized by cone-rod dystrophy, hearing loss, obesity, insulin resistance and hyperinsulinemia, type 2 diabetes mellitus, dilated cardiomyopathy (DCM), and progressive hepatic and renal dysfunction.",2025-06-24 08:04:43
Active,Leber congenital amaurosis,65,"Leber congenital amaurosis (LCA) is a retinal dystrophy defined by blindness and responses to electrophysiological stimulation (Ganzfeld electroretinogram (ERG)) below threshold, associated with severe visual impairment within the first year of life.",2025-06-24 08:04:43
Active,Amoebiasis due to Entamoeba histolytica,67,"A parasitic disease caused by the protozoa, <i>Entamoeba histolytica</i>, mainly occurring in tropical regions after the ingestion of an amoebic cyst, and resulting in clinical manifestations that may range from an asymptomatic state to amoebic colitis (violent abdominal pain, a painful contracted feeling around the anal sphincter, blood and mucus in the stools but without the presence of fever), or amoebic liver abscesses (fever, chills, abdominal pain, weight loss, hepatomegaly) that can be fatal if not immediately treated. Extraintestinal involvement elsewhere (i.e. thoracic, hepatic) is extremely rare.",2025-06-24 08:04:43
Active,Amoebiasis due to free-living amoebae,68,"A rare parasitic disease caused by free-living amoebae belonging to the <i>Acanthamoeba</i>, <i>Naegleria</i> and <i>Balamuthia</i> genera, that are able to survive in an autonomous state in all natural environments and can also parasitize humans. In immunosuppressed individuals <i>Acanthamoeba</i> genus contamination leads to granulomatous amoebic encephalitis (also reported in association with species of the <i>Balamuthia</i> genus) together with other problems including cardiac, cutaneous and pulmonary manifestations, all of which influence the prognosis. In immunocompetent individuals, the <i>Naegleria fowleri</i> species is responsible for primary amoebic meningoencephalitis, the evolution of which is rapidly fatal.",2025-06-24 08:04:43
Active,Amyloidosis,69,A vast group of rare systemic diseases characterized by the presence of insoluble fibrillar protein deposits in tissues. Amyloidoses are classified according to biochemical type of amyloid protein involved.,2025-06-24 08:04:43
Active,Proximal spinal muscular atrophy,70,A group of neuromuscular disorders characterized by progressive muscle weakness resulting from the degeneration and loss of the lower motor neurons in the spinal cord and the brain stem nuclei.,2025-06-24 08:04:43
Active,Chylomicron retention disease,71,"Chylomicron retention disease (CRD) is a type of familial hypocholesterolemia characterized by malnutrition, failure to thrive, growth failure, vitamin E deficiency and hepatic, neurologic and ophthalmologic complications.",2025-06-24 08:04:43
Active,Angelman syndrome,72,A neurogenetic disorder characterized by severe intellectual deficit and distinct facial dysmorphic features.,2025-06-24 08:04:43
Active,Gorham-Stout disease,73,Gorham-Stout disease (GSD) is a rare disease of massive osteolysis associated with proliferation and dilation of lymphatic vessels. GSD may affect any bone in the body and can be monostotic or polyostotic. Symptoms at presentation are dependent upon the location(s) of the disease; the most common symptom is localized pain. The disease may be discovered after a pathological fracture.,2025-06-24 08:04:43
Active,Angiostrongyliasis,74,"A foodborne zoonotic disease, endemic to Southeast Asia and the Pacific Islands, caused by the rat lungworm <i>Angiostrongylus cantonensis</i> and that is acquired by the ingestion of the infective larvae on vegetables or in raw or undercooked snails, slugs, land crabs, freshwater shrimps, frogs and lizards. The main feature is eosinophilic meningitis, with clinical manifestations including fever, headache, malaise, fatigue, vomiting, rhinorrhea, blurred vision, diplopia, cough, stiff neck, enteritis, constipation and paraesthesia due to the movement of the worms from the intestines to the lungs, central nervous system and eyes. In severe cases without treatment, coma and death can occur.",2025-06-24 08:04:43
Active,Strongyloidiasis,76,A parasitosis caused by the intestinal nematode <i>Strongyloides stercoralis</i> (round worm).,2025-06-24 08:04:43
Inactive: Obsolete,OBSOLETE: Aniridia,77,None available,2025-06-24 08:04:43
Active,Ankylostomiasis,78,"A hookworm infection caused primarily by the species <i>Ancylostoma duodenale </i> or <i>Necator americanus</i>, usually acquired through penetration of the skin, (often asymptomatic but that can also manifest with an allergic reaction at the site of skin penetration), followed by the migration of larva through the bloodstream to the lungs (causing asymptomatic pneumonitis, eosinophilia) and finally reaching and colonizing the small intestines where they cause blood extravasation leading to diarrhea, abdominal pain, and when untreated, melena, iron-deficiency anemia and protein malnutrition.",2025-06-24 08:04:43
Active,Congenital alpha2-antiplasmin deficiency,79,"A rare hemorrhagic disorder caused by congenital deficiency of alpha2 antiplasmin, leading to dysregulated fibrinolysis and is characterized by a hemorrhagic tendency presenting from childhood with prolonged bleeding and ecchymoses following minor trauma and spontaneous bleeding episodes (often in unusual locations like diaphysis of long bones).",2025-06-24 08:04:43
Active,Antiphospholipid syndrome,80,"A rare systemic autoimmune disease characterized by hypercoagulability with vascular thrombosis and, in women, pregnancy morbidity (miscarriages, severe pre-eclampsia, placental insufficiency) in the presence of serum antiphospholipid antibodies, such as lupus anticoagulant, anticardiolipin antibodies, and anti-beta2-glycoprotein 1 antibodies.",2025-06-24 08:04:43
Active,Antisynthetase syndrome,81,"A rare idiopathic inflammatory myopathy (IIM) characterized principally by myositis, generally symmetrical arthritis and interstitial lung disease (ILD) in association with serum autoantibodies to aminoacyl-transfer RNA synthetases (anti-ARS). More variable features include arthralgia, Raynaud phenomenon, heliotrophic rash, distal esophageal dysmotility and mechanic's hands.",2025-06-24 08:04:43
Active,Hereditary thrombophilia due to congenital antithrombin deficiency,82,"Hereditary thrombophilia due to congenital antithrombin deficiency is a rare, genetic, hematological disease characterized by decreased levels of antithrombin activity in plasma resulting in impaired inactivation of thrombin and factor Xa. Patients have an increased risk for venous thromboembolism, usually in the deep veins of the arms, legs and pulmonary system and, on occasion, in other venous territories (e.g. cerebral veins or sinus, mesenteric, portal, hepatic, renal and/or retinal veins).",2025-06-24 08:04:43
Active,Antley-Bixler syndrome,83,"A rare syndromic craniosynostosis characterized by craniosynostosis with midface hypoplasia, radiohumeral synostosis, femoral bowing and joint contractures.",2025-06-24 08:04:43
Active,Fanconi anemia,84,"A rare genetic multisystem disorder characterized by progressive pancytopenia with bone marrow failure, variable congenital malformations and predisposition to develop hematological or solid tumors.",2025-06-24 08:04:43
Active,Congenital dyserythropoietic anemia,85,"Congenital dyserythropoietic anemia (CDA) is a heterogenous group of hematological disorders of late erythropoiesis and red cell abnormalities that lead to anemia. Five types of CDA are defined: CDA I, CDA II, CDA III, CDA IV and thrombocytopenia with CDA.",2025-06-24 08:04:43
Active,Familial abdominal aortic aneurysm,86,None available,2025-06-24 08:04:43
Active,Apert syndrome,87,"A frequent form of acrocephalosyndactyly, a group of inherited congenital malformation disorders, characterized by craniosynostosis, midface hypoplasia, and finger and toe anomalies and/or syndactyly.",2025-06-24 08:04:43
Active,Idiopathic aplastic anemia,88,None available,2025-06-24 08:04:43
Active,Argininemia,90,A rare autosomal recessive amino acid metabolism disorder characterized by variable degrees of hyperammonemia leading to progressive loss of developmental milestones and spasticity in the absence of treatment.,2025-06-24 08:04:43
Active,Aromatase deficiency,91,"A rare disorder that disrupts the synthesis of estradiol, resulting in hirsutism of mothers during gestation of an affected child; pseudohermaphroditism and virilization in women; and tall stature, osteoporosis and obesity in men.",2025-06-24 08:04:43
Active,Juvenile idiopathic arthritis,92,"A rare, heterogeneous group of rheumatologic diseases characterized by arthritis which has an onset before 16 years of age, persists for more than 6 weeks, and is of unknown origin.",2025-06-24 08:04:43
Active,Aspartylglucosaminuria,93,"A rare oligosaccharidosis characterized by facial dysmorphism, progressive intellectual disability and psychomotor deterioration due to accumulation of glycoasparagines in tissues and body fluids.",2025-06-24 08:04:43
Active,Astrocytoma,94,A complex group of benign and malignant cerebral tumors arising at any age.,2025-06-24 08:04:43
Active,Friedreich ataxia,95,"Friedreich ataxia (FRDA) is an inherited neurodegenerative disorder classically characterized by progressive gait and limb ataxia, dysarthria, dysphagia, oculomotor dysfunction, loss of deep tendon reflexes, pyramidal tract signs, scoliosis, and in some, cardiomyopathy, diabetes mellitus, visual loss and defective hearing.",2025-06-24 08:04:43
Active,Ataxia with vitamin E deficiency,96,"A neurodegenerative disease belonging to the inherited cerebellar ataxias mainly characterized by progressive spino-cerebellar ataxia, loss of proprioception, areflexia, and is associated with a marked deficiency in vitamin E.",2025-06-24 08:04:43
Active,Familial paroxysmal ataxia,97,"A form of hereditary episodic ataxia (EA) characterized by paroxysmal episodes of ataxia lasting hours, with interictal nystagmus and mildly progressive ataxia.",2025-06-24 08:04:43
Active,Autosomal recessive spastic ataxia of Charlevoix-Saguenay,98,"A rare neurodegenerative disorder characterized by early-onset cerebellar ataxia, a pyramidal syndrome and peripheral neuropathy.",2025-06-24 08:04:43
Active,Autosomal dominant cerebellar ataxia,99,"A clinically and genetically heterogeneous group of neurodegenerative diseases characterized by a slowly progressive ataxia of gait, stance and limbs, dysarthria and/or oculomotor disorder, due to cerebellar degeneration in the absence of coexisting diseases. The degenerative process can be limited to the cerebellum (ADCA type 3) or may additionally involve the retina (ADCA type 2), optic nerve, ponto-medullary systems, basal ganglia, cerebral cortex, spinal tracts or peripheral nerves (ADCA type 1). In ACDA type 4, a cerebellar syndrome is associated with epilepsy.",2025-06-24 08:04:43
Active,Ataxia-telangiectasia,100,"A rare autosomal recessive cerebellar ataxia due to a DNA repair defect characterized by progressive neurological impairment with cerebellar syndrome, oculocutaneous telangiectasia, defects in B and T cell-mediated immunity, and increased susceptibility to malignancies (mainly lymphoid neoplasms). High sensitivity to ionizing radiation limits patient treatments.",2025-06-24 08:04:43
Active,Dentatorubral pallidoluysian atrophy,101,"A rare subtype of autosomal dominant cerebellar ataxia type I characterized by involuntary movements, ataxia, epilepsy, mental disorders, cognitive decline and prominent anticipation.",2025-06-24 08:04:43
Active,Multiple system atrophy,102,"Multiple system atrophy (MSA) is a neurodegenerative disorder characterized by autonomic failure (cardiovascular and/or urinary), parkinsonism, cerebellar impairment and corticospinal signs with a median survival of 6-9 years.",2025-06-24 08:04:43
Inactive: Obsolete,OBSOLETE: Genetic optic atrophy,103,None available,2025-06-24 08:04:43
Active,Leber hereditary optic neuropathy,104,"A rare hereditary optic neuropathy characterized by sudden onset, painless central vision loss, loss of retinal ganglion cells and optic atrophy.",2025-06-24 08:04:43
Active,Atresia of urethra,105,"A rare fetal lower urinary tract obstruction (LUTO) characterized by closure or failure to develop an opening in the urethra and resulting in obstructive uropathy presenting <i>in utero</i> as megacystis, oligohydramnios or anhydramnios, and potter sequence.",2025-06-24 08:04:43
Inactive: Non rare disease in Europe,NON RARE IN EUROPE: Autism,106,None available,2025-06-24 08:04:43
Active,BOR syndrome,107,"A rare otomandibular dysplasia syndrome characterized by branchial arch anomalies (branchial clefts, fistulae, cysts), malformations of the ear associated with hearing impairment (malformations of the auricle with pre-auricular pits, conductive or sensorineural hearing impairment), and renal malformations (urinary tree malformation, renal hypoplasia or agenesis, renal dysplasia, renal cysts).",2025-06-24 08:04:43
Active,Babesiosis,108,Babesiosis is an infectious disease caused by protozoa of the genus <i>Babesia</i> and characterized by a febrile illness and hemolytic anemia but with manifestations ranging from an asymptomatic infection to a fulminating illness that can result in death.,2025-06-24 08:04:43
Active,Bannayan-Riley-Ruvalcaba syndrome,109,"A rare developmental defect during embryogenesis characterized by hamartomatous intestinal polyposis, lipomas, macrocephaly and genital lentiginosis.",2025-06-24 08:04:43
Active,Bardet-Biedl syndrome,110,"A rare genetic multisystem disorder characterized by the variable association of retinal dystrophy, obesity, polydactyly, genitourinary and kidney anomalies, learning disability and hypogonadism, with a wide spectrum of other minor manifestations.",2025-06-24 08:04:43
Active,Barth syndrome,111,"Barth syndrome (BTHS) is an inborn error of phospholipid metabolism characterized by dilated cardiomyopathy (DCM), skeletal myopathy, neutropenia, growth delay and organic aciduria.",2025-06-24 08:04:43
Active,Bartter syndrome,112,"Bartter syndrome is a group of rare renal tubular disease characterized by impaired salt reabsorption in the thick ascending limb of Henle's loop and clinically by the association of hypokalemic alkalosis, hypercalciuria/nephrocalcinosis, increased levels of plasma renin and aldosterone, low blood pressure and vascular resistance to angiotensin II.",2025-06-24 08:04:43
Active,Bazex-Dupré-Christol syndrome,113,Bazex-Dupré-Christol syndrome is a rare genodermatosis with a predisposition to early-onset basal cell carcinomas.,2025-06-24 08:04:43
Active,Auriculoosteodysplasia,114,"A rare primary bone dysplasia with multiple joint dislocations characterized by multiple osseous dysplasia, characteristic ear shape (elongation of the lobe that is attached and accompanied by a small, slightly posterior lobule) and short stature. Dysplasia of the radiocapitellar joint has been reported in all patients. There have been no further descriptions in the literature since 1967.",2025-06-24 08:04:43
Active,Congenital contractural arachnodactyly,115,"A rare connective tissue disorder characterized by multiple flexion contractures, arachnodactyly, kyphoscoliosis, abnormal pinnae and muscular hypoplasia.",2025-06-24 08:04:43
Active,Beckwith-Wiedemann syndrome,116,"Beckwith-Wiedemann syndrome (BWS) is a genetic disorder characterized by overgrowth, tumor predisposition and congenital malformations.",2025-06-24 08:04:43
Active,Behçet disease,117,"A rare, chronic, relapsing, multisystemic vasculitis characterized by mucocutaneous lesions, as well as articular, vascular, ocular and central nervous system manifestations.",2025-06-24 08:04:43
Active,Beta-mannosidosis,118,"Beta-mannosidosis is a very rare lysosomal storage disease characterized by developmental delay of varying severity and hearing loss, but that can manifest a wide phenotypic heterogeneity.",2025-06-24 08:04:43
Active,Beta-sarcoglycan-related limb-girdle muscular dystrophy R4,119,"A subtype of autosomal recessive limb girdle muscular dystrophy characterized by a childhood to adolescent onset of progressive pelvic- and shoulder-girdle muscle weakness, particularly affecting the pelvic girdle (adductors and flexors of hip). Usually the knees are the earliest and most affected muscles. In advanced stages, involvement of the shoulder girdle (resulting in scapular winging) and the distal muscle groups are observed. Calf hypertrophy, cardiomyopathy, respiratory impairment, tendon contractures, scoliosis, and exercise-induced myoglobinuria may be observed.",2025-06-24 08:04:43
Inactive: Non rare disease in Europe,NON RARE IN EUROPE: Pernicious anemia,120,None available,2025-06-24 08:04:43
Active,Birt-Hogg-Dubé syndrome,122,"A rare inherited cancer-predisposing syndrome characterized by skin lesions, benign and malignant kidney tumors, and pulmonary cysts that may be associated with pneumothorax.",2025-06-24 08:04:43
Active,Björnstad syndrome,123,None available,2025-06-24 08:04:43
Active,Diamond-Blackfan anemia,124,Blackfan-Diamond anemia (DBA) is a congenital aregenerative and often macrocytic anemia with erythroblastopenia.,2025-06-24 08:04:43
Active,Bloom syndrome,125,"Bloom syndrome is a rare disorder associated with pre- and postnatal growth deficiency, a telangiectatic erythematous rash of the face and other sun-exposed areas, insulin resistance and predisposition to early onset and recurrent cancer of multiple organ systems.",2025-06-24 08:04:43
Active,Blepharophimosis-ptosis-epicanthus inversus syndrome,126,"A rare ophthalmic disorder characterized by blepharophimosis, ptosis, epicanthus inversus, and telecanthus, that can appear associated with (type 1) or without primary ovarian insufficiency (POI; type 2).",2025-06-24 08:04:43
Active,Borjeson-Forssman-Lehmann syndrome,127,"Borjeson-Forssman-Lehmann syndrome (BFLS) is a rare X-linked obesity syndrome characterized by intellectual deficit, truncal obesity, characteristic facial features, hypogonadism, tapered fingers and short toes.",2025-06-24 08:04:43
Active,Diphyllobothriasis,128,"Bothriocephalosis is a mammalian cosmopolitan intestinal parasitosis. In addition to non-specific digestive problems (nausea, abdominal pain, lack of appetite), bothriocephalosis provokes an anaemia caused by vitamin B12 deficiency that resembles Biermer anaemia (anaemia characterised by abnormally large red blood cells).",2025-06-24 08:04:43
Active,Pseudopelade of Brocq,129,"Pseudo-pelade of Brocq is a rare hair abnormality characterized by onset in adulthood of soft, irregular, flesh-toned patches of alopecia primarily in the parietal and vertex portions of the scalp, without follicular hyperkeratosis or perifollicular inflammation.",2025-06-24 08:04:43
Active,Brugada syndrome,130,"A cardiac disorder characterized on electrocardiogram (ECG) by ST segment elevation with a coved aspect on the right precordial leads, and a clinical susceptibility to ventricular tachyarrhythmias and sudden death occurring in the absence of overt myocardial abnormalities.",2025-06-24 08:04:43
Active,Budd-Chiari syndrome,131,A rare vascular liver disease characterized by obstruction of hepatic venous outflow involving either the hepatic veins or the terminal segment of the inferior vena cava.,2025-06-24 08:04:43
Active,Hereditary butyrylcholinesterase deficiency,132,"Butyrylcholinesterase (BChE) deficiency is a metabolic disorder characterised by prolonged apnoea after the use of certain anaesthetic drugs, including the muscle relaxants succinylcholine or mivacurium and other ester local anaesthetics. The duration of the prolonged apnoea varies significantly depending on the extent of the enzyme deficiency.",2025-06-24 08:04:43
Active,Chronic beryllium disease,133,"A pneumoconiosis, characterized by granulomatous inflammation, that occurs in individuals who develop beryllium sensitization (BeS), a cell-mediated immune response to environmental and occupational beryllium exposure. BeS precedes the lung disease that may present with chronic dry cough, fatigue, weight loss, chest pain, and increasing dyspnea.",2025-06-24 08:04:43
Active,Beta-ketothiolase deficiency,134,"A rare, genetic organic aciduria affecting ketone body metabolism and the catabolism of isoleucine and characterized by intermittent ketoacidotic episodes associated with vomiting, dyspnea, tachypnoea, hypotonia, lethargy and coma, with an onset during infancy and usually ceasing by adolescence.",2025-06-24 08:04:43
Active,CACH syndrome,135,"A new leukoencephalopathy, the CACH syndrome (Childhood Ataxia with Central nervous system Hypomyelination) or VWM (Vanishing White Matter) was identified on clinical and MRI criteria. Classically, this disease is characterized by (1) an onset between 2 and 5 years of age, with a cerebello-spastic syndrome exacerbated by episodes of fever or head trauma leading to death after 5 to 10 years of disease evolution, (2) a diffuse involvement of the white matter on cerebral MRI with a CSF-like signal intensity (cavitation), (3) a recessive autosomal mode of inheritance, (4) neuropathologic findings consistent with a cavitating orthochromatic leukodystrophy with increased number of oligodendrocytes with sometimes ``foamy'' aspect.",2025-06-24 08:04:43
Active,Cerebral autosomal dominant arteriopathy-subcortical infarcts-leukoencephalopathy,136,CADASIL (Cerebral Autosomal Dominant Arteriopathy with Subcortical Infarcts and Leukoencephalopathy) is a hereditary cerebrovascular disorder characterized by mid-adult onset of recurrent subcortical ischemic stroke and cognitive impairment progressing to dementia in addition to migraines with aura and mood disturbances seen in about a third of patients.,2025-06-24 08:04:43
Active,Congenital disorder of glycosylation,137,"A fast growing group of inborn errors of metabolism characterized by defective activity of enzymes that participate in glycosylation (modification of proteins and other macromolecules by adding and processing of oligosaccharide side chains). This group is comprised of phenotypically diverse disorders affecting multiple systems including the central nervous system, muscle function, immunity, endocrine system, and coagulation. The numerous entities in this group are subdivided, based on the synthetic pathway affected, into disorder of protein N-glycosylation, disorder of protein O-glycosylation, disorder of multiple glycosylation, and disorder of glycosphingolipid and glycosylphosphatidylinositol anchor glycosylation.",2025-06-24 08:04:43
Active,CHARGE syndrome,138,"A multiple congenital anomaly characterized by a broad phenotype with Coloboma, Choanal atresia/stenosis, Cranial nerve dysfunction, and Characteristic external and inner ears (known as the major 4 C's).",2025-06-24 08:04:43
Active,CHILD syndrome,139,A rare developmental defect during embryogenesis characterized by unilateral inflammatory and scaling skin lesions with ipsilateral visceral and limb anomalies.,2025-06-24 08:04:43
Active,Campomelic dysplasia,140,"A rare skeletal dysplasia characterized by peculiar facial anomalies, Pierre Robin sequence, cleft palate, shortening and bowing of long bones. Sexual ambiguity or female external genitalia is possible in individuals with a male karyotype.",2025-06-24 08:04:43
Active,Canavan disease,141,"Canavan disease (CD) is a neurodegenerative disorder; its spectrum varies between severe forms with leukodystrophy, macrocephaly and severe developmental delay, and a very rare mild/juvenile form characterized by mild developmental delay.",2025-06-24 08:04:43
Active,Anaplastic thyroid carcinoma,142,A disorder that represents the ultimate dedifferentiation step of thyroid tumorigenesis and is one of the most severe cancers in humans.,2025-06-24 08:04:43
Active,Parathyroid carcinoma,143,"A rare endocrine tumor characterized by a malignant neoplasm derived from parathyroid parenchymal cells, localized in one of the normally located parathyroid glands or other sites where parathyroid tissue may be present. Signs and symptoms are predominantly due to excess secretion of parathyroid hormone, with marked hypercalcemia and renal and bone involvement. In rare cases, the tumor may be non-functioning and only present as a palpable mass in the neck region. Recurrent laryngeal nerve paralysis is also observed. The tumor can occur sporadically or on a genetic background. The extent of invasion of adjacent structures positively correlates with the development of recurrent or metastatic disease.",2025-06-24 08:04:43
Active,Lynch syndrome,144,"A rare form of hereditary nonpolyposis colon cancer (HNPCC) characterized by predisposition to a wide variety of cancers, including neoplasms of the digestive tract, urinary tract, endometrium, ovary, brain, and prostate, as well as sebaceous skin tumors. LS-associated tumors are typically characterized by the presence of microsatellite instability (MSI) and loss of expression of MMR proteins in tumor tissue.",2025-06-24 08:04:43
Active,Hereditary breast and/or ovarian cancer syndrome,145,"A genetic condition characterized by hereditary susceptibility to breast and/or ovarian cancer. It can be defined using family history criteria, or through identification of germline pathogenic variants (GPVs) in clinically validated HBOC genes. However, the genetic basis of about half of clinical HBOC is currently unknown or unexplained by single-gene variants, and approximately half of individuals who harbour PVs in HBOC genes do not have a suggestive family history.",2025-06-24 08:04:43
Active,Differentiated thyroid carcinoma,146,"A rare, slow-growing, epithelial thyroid carcinoma typically presenting as an asymptomatic thyroid mass and is classed as either papillary thyroid cancer (PTC), follicular thyroid cancer (FTC) or Hurthle cell thyroid cancer (HCTC).",2025-06-24 08:04:43
Active,Carbamoyl-phosphate synthetase 1 deficiency,147,"A rare, severe disorder of urea cycle metabolism typically characterized by either a neonatal-onset of severe hyperammonemia that occurs few days after birth and manifests with lethargy, vomiting, hypothermia, seizures, coma and death or a presentation outside the newborn period at any age with (sometimes) milder symptoms of hyperammonemia.",2025-06-24 08:04:43
Active,Multiple carboxylase deficiency,148,"A group of inborn errors of biotin metabolism characterized by reduced activities of biotin-dependent enzymes resulting in a wide spectrum of symptoms, including feeding difficulty, breathing difficulties, lethargy, seizures, skin rash, alopecia, and developmental delay. This group includes biotinidase deficiency and biotin holocarboxylase synthetase deficiency.",2025-06-24 08:04:43
Active,Nasopharyngeal carcinoma,150,Nasopharyngeal carcinoma (NPC) is a tumor arising from the epithelial cells that cover the surface and line the nasopharynx.,2025-06-24 08:04:43
Inactive: Obsolete,OBSOLETE: Familial renal cell carcinoma,151,None available,2025-06-24 08:04:43
Active,Familial isolated dilated cardiomyopathy,154,"A rare familial cardiomyopathy characterized by the dilation of left ventricle and progressively impairing of systolic ventricular function, in the absence of abnormal loading conditions or coronary artery disease sufficient to cause global systolic impairment. The disease may cause heart failure or arrhythmia. The disease is isolated when no additional atypical cardiac or extracardiac manifestations are present.",2025-06-24 08:04:43
Inactive: Non rare disease in Europe,NON RARE IN EUROPE: Familial isolated hypertrophic cardiomyopathy,155,None available,2025-06-24 08:04:43
Active,Carnitine palmitoyl transferase 1A deficiency,156,"Carnitine palmitoyltransferase 1A (CPT-1A) deficiency is an inborn error of metabolism that affects mitochondrial oxidation of long chain fatty acids (LCFA) in the liver and kidneys, and is characterized by recurrent attacks of fasting-induced hypoketotic hypoglycemia and risk of liver failure.",2025-06-24 08:04:43
Active,Carnitine palmitoyltransferase II deficiency,157,"Carnitine palmitoyltransferase II (CPT II) deficiency is an inherited metabolic disorder that affects mitochondrial oxidation of long chain fatty acids (LCFA). Three forms of CPT II deficiency have been described: a myopathic form, a severe infantile form and a neonatal form.",2025-06-24 08:04:43
Active,Systemic primary carnitine deficiency,158,"A rare disorder of carnitine cycle and carnitine transport that is characterized classically by early childhood onset cardiomyopathy often with weakness and hypotonia, failure to thrive and recurrent hypoglycemic hypoketotic seizures and/or coma.",2025-06-24 08:04:43
Active,Carnitine-acylcarnitine translocase deficiency,159,"Carnitine-acylcarnitine translocase (CACT) deficiency is a life-threatening, inherited disorder of fatty acid oxidation which usually presents in the neonatal period with severe hypoketotic hypoglycemia, hyperammonemia, cardiomyopathy and/or arrhythmia, hepatic dysfunction, skeletal muscle weakness, and encephalopathy.",2025-06-24 08:04:43
Active,Castleman disease,160,"A rare lymphoid hemopathy characterized by involvement of lymph nodes in any part of the body, most frequently the mediastinum, abdomen, neck, or spleen, and occurring as unicentric, idiopathic multicentric, or KSHV/HHV8-associated multicentric Castleman disease. Depending on the type, patients are most commonly asymptomatic or typically present with systemic symptoms.",2025-06-24 08:04:43
Active,Congenital cataract-anterior segment dysgenesis syndrome,162,Cataract-glaucoma syndrome is characterised by the association of total bilateral congenital cataract with the secondary occurrence of glaucoma appearing at ages varying between 10 and 40 years.,2025-06-24 08:04:43
Active,Hereditary hyperferritinemia-cataract syndrome,163,A rare genetic disease characterized by the association of early onset cataract with persistently raised plasma ferritin concentrations in the absence of iron overload.,2025-06-24 08:04:43
Inactive: Non rare disease in Europe,NON RARE IN EUROPE: Cerebral cavernous malformations,164,None available,2025-06-24 08:04:43
Active,Neutral lipid storage disease,165,Neutral lipid storage disease (NLSD) refers to a group of diseases characterized by a deficit in the degradation of cytoplasmic triglycerides and their accumulation in cytoplasmic lipid vacuoles in most tissues of the body. The group is heterogeneous: currently cases of NLSD with icthyosis (NLSDI/Dorfman-Chanarin disease) and NLSD with myopathy (NLSDM/neutral lipid storage myopathy) can be distinguished.,2025-06-24 08:04:43
Active,Charcot-Marie-Tooth disease/Hereditary motor and sensory neuropathy,166,None available,2025-06-24 08:04:43
Active,Chédiak-Higashi syndrome,167,"Chédiak-Higashi syndrome (CHS) is a rare severe genetic disorder generally characterized by partial oculocutaneous albinism (OCA), severe immunodeficiency, mild bleeding, neurological dysfunction and lymphoproliferative disorder. A classic, early-onset form and an attenuated, later-onset form (Atypical CHS) have been described.",2025-06-24 08:04:43
Active,Loose anagen syndrome,168,"Loose anagen syndrome is a rare benign hair disorder affecting predominantly blond females in childhood and characterized by the presence of hair that can be easily and painlessly pulled out. Most of the hair is in the anagen phase and lacks an external epithelial sheath. Hair grows back quickly and the condition improves spontaneously with aging. Loose anagen hair can be associated with other anomalies, such as coloboma.",2025-06-24 08:04:43
Active,Ringed hair disease,169,"A rare isolated, benign hair shaft abnormality, usually presenting after the age of 2 and affecting the hair of the scalp or, very rarely, beard, axillary, or pubic hair. Hair is characterized by a banded or speckled appearance due to alternating light bands (corresponding to air-filled cavities within the cortex of the affected hair shafts) and dark bands. The bands have a lifelong duration, may only be detectable under light microscopy, are more apparent in fair-colored hair or with age-related graying, and have no effect on hair growth or fragility in the vast majority of cases.",2025-06-24 08:04:43
Active,Woolly hair,170,A rare congenital skin disease defined as an abnormality of the structure of the scalp hair and characterized by extreme kinkiness of the hair.,2025-06-24 08:04:43
Active,Primary sclerosing cholangitis,171,"Primary sclerosing cholangitis (PSC) is a rare, slowly progressive liver disease characterized by inflammation and destruction of the intra- and/or extra-hepatic bile ducts that lead to cholestasis, liver fibrosis, liver cirrhosis and ultimately liver failure.",2025-06-24 08:04:43
Active,Progressive familial intrahepatic cholestasis,172,Progressive familial intrahepatic cholestasis (PFIC) refers to a heterogeneous group of autosomal recessive disorders of childhood that disrupt bile formation and present with cholestasis of hepatocellular origin.,2025-06-24 08:04:43
Active,Cholera,173,"Cholera is an infectious disease, caused by intestinal infection with <i>Vibrio cholerae</i>, characterized by massive watery diarrhea and severe dehydration that can lead to shock and death if left untreated.",2025-06-24 08:04:43
Active,"Metaphyseal chondrodysplasia, Schmid type",174,"Schmid metaphyseal chondrodysplasia is a rare disorder characterized by moderately short stature with short limbs, coxa vara, bowlegs and an abnormal gait.",2025-06-24 08:04:43
Active,Cartilage-hair hypoplasia,175,A rare chondrodysplasia characterized by disproportional small stature due to metaphyseal lesions associated with fine slow growing hair.,2025-06-24 08:04:43
Active,Non-rhizomelic chondrodysplasia punctata,176,"Non-rhizomelic chondrodysplasia punctata is a form of chondrodysplasia punctata, a group of diseases in which the common characteristic is bone calcifications near joints from birth. Non-rhizomelic chondrodysplasia punctata is not an entity in itself but covers several diseases with variable clinical findings and modes of transmission.",2025-06-24 08:04:43
Active,Rhizomelic chondrodysplasia punctata,177,"A rare, primary bone dysplasia characterized by rhizomelic limb shortening, punctate calcifications in cartilage with epiphyseal and metaphyseal abnormalities (chondrodysplasia punctata) and coronal cleft vertebrae associated with profound postnatal growth deficiency, early-onset cataracts, severe intellectual disability and seizures.",2025-06-24 08:04:43
Active,Chordoma,178,Chordomas are rare malignant tumors arising from embryonic remnants of the notochord in axial skeleton.,2025-06-24 08:04:43
Active,Birdshot chorioretinopathy,179,"Birdshot chorioretinopathy is a posterior uveitis characterized by multiple cream-colored, hypopigmented choroidal lesions in the fundus and a strong association with HLA-A29 and clinically presenting with blurred vision, floaters, photopsia, scotoma and nyctalopia.",2025-06-24 08:04:43
Active,Choroideremia,180,"Choroideremia (CHM) is an X-linked chorioretinal dystrophy characterized by progressive degeneration of the choroid, retinal pigment epithelium (RPE) and retina.",2025-06-24 08:04:43
Active,X-linked hypohidrotic ectodermal dysplasia,181,This disease is described under  Hypohidrotic ectodermal dysplasia,2025-06-24 08:04:43
Active,Chromomycosis,182,"Chromomycosis is a chronic cutaneous and subcutaneous fungal infection, found mainly in subtropical and tropical areas (in soil and plant debris and transmitted by traumatic inoculation), and characterized clinically by slow growing, verrucous nodules, squamous plaques, or chronic limited lesions which are most commonly found on the lower limbs and which are characterized histologically by the presence of muriform cells. It is caused by dematiaceous fungi, with the main etiological agents being <i>Fonsecaea pedrosoi</i>, <i>Phialophora verrucosa</i> and <i>Cladophialophora carrionii</i>. Rarely, it can be caused by <i>Rhinocladiella aquaspersa</i>.",2025-06-24 08:04:43
Active,Eosinophilic granulomatosis with polyangiitis,183,"A rare systemic vasculitis of small vessels characterized by asthma, blood and tissue eosinophilia and vasculitis manifestations.",2025-06-24 08:04:43
Active,Cherubism,184,"Cherubism is a rare, self-limiting, fibro-osseous, genetic disease of childhood and adolescence characterized by varying degrees of progressive bilateral enlargement of the mandible and/or maxilla, with clinical repercussions in severe cases.",2025-06-24 08:04:43
Active,Scimitar syndrome,185,Scimitar syndrome is characterized by a combination of cardiopulmonary anomalies including partial anomalous pulmonary venous return connection of the right lung to the inferior caval vein leading to the creation of a left-to-right shunt.,2025-06-24 08:04:43
Active,Primary biliary cholangitis,186,"A rare autoimmune cholestatic liver disease characterized by autoimmune mediated damage of small intrahepatic bile ducts leading to cholestasis, fibrosis, and potential cirrhosis.",2025-06-24 08:04:43
Active,Citrullinemia,187,"Citrullinemia is an autosomal recessively inherited disorder of urea cycle metabolism and ammonia detoxification characterized by elevated concentrations of serum citrulline and ammonia. The disease presents with a large range of manifestations including neonatal hyperammonemic encephalopathy with lethargy, seizures and coma; hepatic dysfunction in all age groups; episodes of hyperammonemia and neuropsychiatric symptoms in children or adults, or, can be asymptomatic in some cases (detected in newborn screening programs). Citrullinemia is divided into two main groups that are encoded by different genes: citrullinemia type I (comprised of acute neonatal citrullinemia type I and adult-onset citrullinemia type I) and citrin deficiency (comprised of adult-onset citrullinemia type II and neonatal intrahepatic cholestasis due to citrin deficiency).",2025-06-24 08:04:43
Active,Systemic capillary leak syndrome,188,"Systemic capillary leak syndrome (SCLS) is a severe systemic disease due to increased capillary permeability, characterized by episodes of hypotension, edema and hypovolemia.",2025-06-24 08:04:43
Active,Hidrotic ectodermal dysplasia,189,"Clouston syndrome (or hidrotic ectodermal dysplasia) is characterised by the clinical triad of nail dystrophy, alopecia, and palmoplantar hyperkeratosis.",2025-06-24 08:04:43
Active,Coats disease,190,"Coats disease (CD) is an idiopathic disorder characterized by retinal telangiectasia with deposition of intraretinal or subretinal exudates, potentially leading to retinal detachment and unilateral blindness. CD is classically an isolated and unilateral condition affecting otherwise healthy young children.",2025-06-24 08:04:43
Active,Cockayne syndrome,191,"Cockayne syndrome (CS) is a multisystem condition characterized by short stature, a characteristic facial appearance, premature aging, photosensitivity, progressive neurological dysfunction, and intellectual deficit.",2025-06-24 08:04:43
Active,Coffin-Lowry syndrome,192,"A rare X-linked syndromic intellectual disability characterized by global development delay, postnatal growth retardation leading to short stature, facial dysmorphism, short hands with tapering fingers and progressive skeletal abnormalities including kyphoscoliosis and <i>pectus carinatum/excavatum</i>. Intellectual disability ranges from mild to severe.",2025-06-24 08:04:43
Active,Cohen syndrome,193,"A rare developmental defect during embryogenesis characterized by microcephaly, characteristic facial features, hypotonia, non-progressive intellectual deficit, myopia and retinal dystrophy, neutropenia and truncal obesity.",2025-06-24 08:04:43
Inactive: Obsolete,OBSOLETE: Ocular coloboma,194,None available,2025-06-24 08:04:43
Active,Cat-eye syndrome,195,"Cat eye syndrome (CES) is a rare chromosomal disorder with a highly variable clinical presentation. Most patients have multiple malformations affecting the eyes (iris coloboma), ears (preauricular pits and/or tags), anal region (anal atresia), heart and kidneys. Intellectual disability is usually mild or borderline normal.",2025-06-24 08:04:43
Active,Occipital horn syndrome,198,"A rare congenital disorder of copper metabolism that is principally characterized by bony exostoses (including the pathognomonic occipital horns), and connective tissue manifestations with cutis laxa and bladder diverticula. Central nervous system involvement is variable.",2025-06-24 08:04:43
Active,Cornelia de Lange syndrome,199,"A rare multiple congenital anomalies syndrome characterized by facial dysmorphism, hypertrichosis, mild to profound intellectual disability, intrauterine growth restriction (IUGR) and/or postnatal growth restriction, feeding difficulties, abnormalities of the hands and feet (ranging from severe reductional limb abnormalities, oligodactyly, to brachymetacarpia of the first metacarpus). Variable visceral malformations may be present.",2025-06-24 08:04:43
Active,Isolated corpus callosum agenesis,200,"A rare non-syndromic cerebral malformation characterized by congenital partial or complete absence of the corpus callosum. Patients are often asymptomatic but may also present with intellectual disability, visual impairment, delayed speech development, seizures, feeding difficulties, impaired hand-eye coordination, and behavioral abnormalities. Patients may have a normal intelligence quotient while exhibiting specific cognitive deficits, such as reduced interhemispheric transfer of sensorimotor information, reduced cognitive processing speed, and deficits in complex reasoning and novel problem-solving.",2025-06-24 08:04:43
Active,Cowden syndrome,201,"A genodermatosis characterized by the presence of multiple hamartomas in various tissues and an increased risk for malignancies of the breast, thyroid, endometrium, kidney and colorectum. When CS is accompanied by germline <i>PTEN</i> mutations, it belongs to the PTEN hamartoma tumor syndrome (PHTS) group.",2025-06-24 08:04:43
Inactive: Deprecated,Crandall syndrome,202,None available,2025-06-24 08:04:43
Active,Sporadic Creutzfeldt-Jakob disease,204,"A rare sporadic human prion disease characterized by rapidly progressive cognitive impairment in combination with variable neurologic signs and symptoms including myoclonus, visual or cerebellar problems, pyramidal or extrapyramidal features, or akinetic mutism. Brain imaging may show high signal intensity in caudate, putamen, and/or cortical regions, and a typical EEG pattern consisting of generalized periodic sharp wave complexes is observed in many cases. The disease is invariably fatal within less than two years. Neuropathologic examination reveals deposition of abnormal prion protein in brain tissue, as well as spongiform change and massive neuronal loss and gliosis.",2025-06-24 08:04:43
Active,Crigler-Najjar syndrome,205,A rare hereditary disorder of bilirubin metabolism characterized by unconjugated hyperbilirubinemia due to a either a complete (type 1) or partial and inducible (type 2) hepatic deficit of UDP-glucuronosyltransferase 1A1 activity. The disorder manifests with neonatal jaundice with a risk of developing bilirubin encephalopathy.,2025-06-24 08:04:43
Inactive: Non rare disease in Europe,NON RARE IN EUROPE: Crohn disease,206,None available,2025-06-24 08:04:43
Active,Crouzon syndrome,207,Crouzon disease is characterized by craniosynostosis and facial hypoplasia.,2025-06-24 08:04:43
Active,Cutis laxa,209,"Cutis laxa (CL) is an inherited or acquired connective tissue disorder characterized by wrinkled, redundant and sagging inelastic skin associated with skeletal and developmental anomalies and, in some cases, with severe systemic involvement. Several different forms of inherited CL have been described, differentiated on the basis of the mode of inheritance and differences in the extent of internal organ involvement, associated anomalies and disease severity.",2025-06-24 08:04:43
Active,Cyclosporiasis,210,"Cyclosporosis is a parasitic disease caused by <i>Cyclospora cayetanensis</i>, a recently discovered coccidia that was initially described in Peru and then in most intertropical zones. Infection occurs through ingestion of contaminated food or water and leads to abdominal pain, anorexia and diarrhoea, which may resolve spontaneously in immunocompetent individuals but may persist in a chronic form in immunocompromised subjects, leading to a decline in their general state of health.",2025-06-24 08:04:43
Active,Familial cylindromatosis,211,This disease is described under  Brooke-Spiegler syndrome,2025-06-24 08:04:43
Active,Cystathioninuria,212,A rare inborn error of metabolism characterized by abnormal accumulation of plasma cystathionine and subsequent increased urinary excretion due to cystathionine gamma-lyase deficiency. The condition is considered benign without pathological relevance. Mode of inheritance is autosomal recessive.,2025-06-24 08:04:43
Active,Cystinosis,213,"A rare lysosomal disease characterized by an accumulation of cystine inside the lysosomes, causing damage in different organs and tissues, particularly in the kidneys and eyes. Three clinical forms have been described: nephropathic infantile, nephropathic juvenile and ocular.",2025-06-24 08:04:43
Active,Cystinuria,214,A rare disorder of renal tubular amino acid transport characterized by recurrent formation of kidney cystine stones.,2025-06-24 08:04:43
Active,Congenital stationary night blindness,215,"Congenital stationary night blindness (CSNB) refers to a non-progressive group of retinal disorders characterized by night or dim light vision disturbance or delayed dark adaptation, poor visual acuity (ranging from 20/30 to 20/200), myopia (ranging from low (-0.25 diopters [D] to -4.75 D) to high (&#8805;-10.00 D)), nystagmus, strabismus, normal color vision and fundus abnormalities.",2025-06-24 08:04:43
Active,Neuronal ceroid lipofuscinosis,216,"Neuronal ceroid lipofuscinoses (NCLs) are a group of inherited progressive degenerative brain diseases characterized clinically by a decline of mental and other capacities, epilepsy, and vision loss through retinal degeneration, and histopathologically by intracellular accumulation of an autofluorescent material, ceroid lipofuscin, in the neuronal cells in the brain and in the retina.",2025-06-24 08:04:43
Active,Isolated Dandy-Walker malformation,217,"A rare non-syndromic central nervous system malformation characterized by the association of three signs: hydrocephalus, partial or complete absence of the cerebellar vermis, and posterior fossa cyst contiguous with the fourth ventricle, presenting early in life with hydrocephalus, bulging occiput and posterior fossa signs such as cranial nerve palsies, nystagmus and ataxia.",2025-06-24 08:04:43
Active,Darier disease,218,"A rare, genetic keratinization disorder which is classically characterized by keratotic papules, acral pits, and acral wart-like lesions that can be associated with a trigger, and may occur anywhere on the body (including mucosal surfaces). Extracutaneous manifestations may include, nail anomalies, blepharitis, dry eye, neuropsychiatric illness and, recurrent parotid gland obstruction and xerostomia.",2025-06-24 08:04:43
